{"name":"asdf","x":258.0,"y":274.0,"width":84.0,"height":52.0,"id":1,"alpha":0,"red":1,"green":0,"blue":254,"children":[{"name":"asdf","x":258.0,"y":182.0,"width":84.0,"height":52.0,"id":2,"alpha":0,"red":51,"green":0,"blue":204,"children":[]},{"name":"asdf","x":341.6144578313251,"y":384.4578313253013,"width":84.0,"height":52.0,"id":3,"alpha":0,"red":51,"green":0,"blue":204,"children":[]},{"name":"asdf","x":174.18072289156632,"y":355.5421686746987,"width":123.75903614457827,"height":75.4939759036145,"id":4,"alpha":0,"red":51,"green":0,"blue":204,"children":[]}]}