{"name":"final","x":308.09523809523796,"y":284.7619047619047,"width":60.0,"height":40.0,"id":1,"red":227,"green":224,"blue":129,"note":"","children":[{"name":"test","x":270.0,"y":220.0,"width":60.0,"height":40.0,"id":2,"red":250,"green":188,"blue":136,"note":"","children":[{"name":"for","x":197.6190476190476,"y":260.0,"width":60.0,"height":40.0,"id":3,"red":253,"green":153,"blue":162,"note":"","children":[]}]},{"name":"uploading","x":257.6190476190475,"y":356.1904761904764,"width":60.0,"height":40.0,"id":4,"red":250,"green":188,"blue":136,"note":"","children":[]}]}