{"name":"asdf","x":281.0,"y":286.0,"width":39.0,"height":28.0,"id":1,"alpha":0,"children":[{"name":"asdf","x":0.8329646422957911,"y":50.573393633356446,"width":179.55400858339038,"height":244.04793464021373,"id":2,"alpha":0,"children":[],"redColor":0,"greenColor":0,"blueColor":0},{"name":"asdf","x":0.11380508191703598,"y":302.37885746575523,"width":39.0,"height":28.0,"id":3,"alpha":0,"children":[],"redColor":0,"greenColor":0,"blueColor":0}],"redColor":0,"greenColor":0,"blueColor":0}